accuracy,precision,recall,auc
0.89,0.9523809523809523,0.8163265306122449,0.8885554221688675
